With credit,Наушники,Провод.HDMI,Домашний.кинотеатр,Ноутбук,Холодильник,Принтер
With credit,Наушники,Провод.HDMI,DVD.плеер,ЖК.телевизор,ПК,Холодильник,Принтер
With credit,Наушники,Домашний.кинотеатр,Ноутбук,DVD.плеер,ЖК.телевизор,ПК,Принтер
With credit,Наушники,Провод.HDMI,Домашний.кинотеатр,DVD.плеер,ЖК.телевизор,ПК,Холодильник,Принтер
Without credit,Наушники,Провод.HDMI,ЖК.телевизор,Холодильник
Without credit,Провод.HDMI,Ноутбук,DVD.плеер,ЖК.телевизор
Without credit,Наушники,DVD.плеер,Холодильник,Принтер
With credit,Наушники,Провод.HDMI,Домашний.кинотеатр,Ноутбук,DVD.плеер,ЖК.телевизор,Холодильник,Принтер
Without credit,Наушники,ЖК.телевизор,Холодильник
Without credit,Наушники,Провод.HDMI,DVD.плеер,ПК,Принтер
Without credit,Ноутбук,Принтер
Without credit,Провод.HDMI,Ноутбук,Принтер
Without credit,Провод.HDMI,Ноутбук,Принтер
Without credit,Провод.HDMI,Ноутбук,Принтер
Without credit,Провод.HDMI,Ноутбук,Принтер
Without credit,Провод.HDMI,Ноутбук,Принтер
Without credit,Провод.HDMI,Ноутбук,Принтер
Without credit,Провод.HDMI,Ноутбук,Принтер
Without credit,Провод.HDMI,Ноутбук,Принтер
With credit
With credit
With credit
With credit
With credit
With credit
With credit
With credit
With credit
With credit
With credit
With credit
With credit
With credit
With credit
With credit,Провод.HDMI,DVD.плеер,ЖК.телевизор
With credit,Провод.HDMI,DVD.плеер,ЖК.телевизор
With credit,Провод.HDMI,DVD.плеер,ЖК.телевизор
With credit,Провод.HDMI,DVD.плеер,ЖК.телевизор
With credit,Провод.HDMI,DVD.плеер,ЖК.телевизор
With credit,Провод.HDMI,DVD.плеер,ЖК.телевизор
With credit,Провод.HDMI,DVD.плеер,ЖК.телевизор
With credit,Провод.HDMI,DVD.плеер,ЖК.телевизор
With credit,Провод.HDMI,DVD.плеер,ЖК.телевизор
With credit,Провод.HDMI,DVD.плеер,ЖК.телевизор
With credit,Провод.HDMI,DVD.плеер,ЖК.телевизор
With credit,Провод.HDMI,DVD.плеер,ЖК.телевизор
With credit,Провод.HDMI,DVD.плеер,ЖК.телевизор
With credit,Провод.HDMI,DVD.плеер,ЖК.телевизор
With credit,Провод.HDMI,DVD.плеер,ЖК.телевизор
Without credit,Провод.HDMI,ПК,Принтер
Without credit,Провод.HDMI,ПК,Принтер
Without credit,Провод.HDMI,ПК,Принтер
Without credit,Провод.HDMI,ПК,Принтер
Without credit,Провод.HDMI,ПК,Принтер
Without credit,Провод.HDMI,ПК,Принтер
Without credit,Провод.HDMI,ПК,Принтер
Without credit,Провод.HDMI,ПК,Принтер
Without credit,Провод.HDMI,ПК,Принтер
Without credit,Провод.HDMI,ПК,Принтер
Without credit,Провод.HDMI,ПК,Принтер
Without credit,Провод.HDMI,ПК,Принтер
Without credit,Провод.HDMI,ПК,Принтер
Without credit
Without credit
Without credit
Without credit
Without credit
Without credit
Without credit
Without credit
Without credit
Without credit
Without credit
Without credit
Without credit
Without credit
With credit,Наушники,Провод.HDMI,Домашний.кинотеатр,Ноутбук,Холодильник,Принтер
With credit,Наушники,Провод.HDMI,DVD.плеер,ЖК.телевизор,ПК,Холодильник,Принтер
With credit,Наушники,Домашний.кинотеатр,Ноутбук,DVD.плеер,ЖК.телевизор,ПК,Принтер
With credit,Наушники,Провод.HDMI,Домашний.кинотеатр,DVD.плеер,ЖК.телевизор,ПК,Холодильник,Принтер
Without credit,Наушники,Провод.HDMI,ЖК.телевизор,Холодильник
Without credit,Провод.HDMI,Ноутбук,DVD.плеер,ЖК.телевизор
Without credit,Наушники,DVD.плеер,Холодильник,Принтер
With credit,Наушники,Провод.HDMI,Домашний.кинотеатр,Ноутбук,DVD.плеер,ЖК.телевизор,Холодильник,Принтер
Without credit,Наушники,ЖК.телевизор,Холодильник
Without credit,Наушники,Провод.HDMI,DVD.плеер,ПК,Принтер
Without credit,Ноутбук,Принтер
Without credit,Провод.HDMI,Ноутбук,Принтер
Without credit,Провод.HDMI,Ноутбук,Принтер
Without credit,Провод.HDMI,Ноутбук,Принтер
Without credit,Провод.HDMI,Ноутбук,Принтер
Without credit,Провод.HDMI,Ноутбук,Принтер
Without credit,Провод.HDMI,Ноутбук,Принтер
Without credit,Провод.HDMI,Ноутбук,Принтер
Without credit,Провод.HDMI,Ноутбук,Принтер
With credit
With credit
With credit
With credit
With credit
With credit
With credit
With credit
With credit
With credit
With credit
With credit
With credit
With credit
With credit
With credit,Провод.HDMI,DVD.плеер,ЖК.телевизор
With credit,Провод.HDMI,DVD.плеер,ЖК.телевизор
With credit,Провод.HDMI,DVD.плеер,ЖК.телевизор
With credit,Провод.HDMI,DVD.плеер,ЖК.телевизор
With credit,Провод.HDMI,DVD.плеер,ЖК.телевизор
With credit,Провод.HDMI,DVD.плеер,ЖК.телевизор
With credit,Провод.HDMI,DVD.плеер,ЖК.телевизор
With credit,Провод.HDMI,DVD.плеер,ЖК.телевизор
With credit,Провод.HDMI,DVD.плеер,ЖК.телевизор
With credit,Провод.HDMI,DVD.плеер,ЖК.телевизор
With credit,Провод.HDMI,DVD.плеер,ЖК.телевизор
With credit,Провод.HDMI,DVD.плеер,ЖК.телевизор
With credit,Провод.HDMI,DVD.плеер,ЖК.телевизор
With credit,Провод.HDMI,DVD.плеер,ЖК.телевизор
With credit,Провод.HDMI,DVD.плеер,ЖК.телевизор
Without credit,Провод.HDMI,ПК,Принтер
Without credit,Провод.HDMI,ПК,Принтер
Without credit,Провод.HDMI,ПК,Принтер
Without credit,Провод.HDMI,ПК,Принтер
Without credit,Провод.HDMI,ПК,Принтер
Without credit,Провод.HDMI,ПК,Принтер
Without credit,Провод.HDMI,ПК,Принтер
Without credit,Провод.HDMI,ПК,Принтер
Without credit,Провод.HDMI,ПК,Принтер
Without credit,Провод.HDMI,ПК,Принтер
Without credit,Провод.HDMI,ПК,Принтер
Without credit,Провод.HDMI,ПК,Принтер
Without credit,Провод.HDMI,ПК,Принтер
Without credit
Without credit
Without credit
Without credit
Without credit
Without credit
Without credit
Without credit
Without credit
Without credit
Without credit
Without credit
Without credit
Without credit
With credit,Наушники,Провод.HDMI,Домашний.кинотеатр,Ноутбук,Холодильник,Принтер
With credit,Наушники,Провод.HDMI,DVD.плеер,ЖК.телевизор,ПК,Холодильник,Принтер
With credit,Наушники,Домашний.кинотеатр,Ноутбук,DVD.плеер,ЖК.телевизор,ПК,Принтер
With credit,Наушники,Провод.HDMI,Домашний.кинотеатр,DVD.плеер,ЖК.телевизор,ПК,Холодильник,Принтер
Without credit,Наушники,Провод.HDMI,ЖК.телевизор,Холодильник
Without credit,Провод.HDMI,Ноутбук,DVD.плеер,ЖК.телевизор
Without credit,Наушники,DVD.плеер,Холодильник,Принтер
With credit,Наушники,Провод.HDMI,Домашний.кинотеатр,Ноутбук,DVD.плеер,ЖК.телевизор,Холодильник,Принтер
Without credit,Наушники,ЖК.телевизор,Холодильник
Without credit,Наушники,Провод.HDMI,DVD.плеер,ПК,Принтер
Without credit,Ноутбук,Принтер
Without credit,Провод.HDMI,Ноутбук,Принтер
Without credit,Провод.HDMI,Ноутбук,Принтер
Without credit,Провод.HDMI,Ноутбук,Принтер
Without credit,Провод.HDMI,Ноутбук,Принтер
Without credit,Провод.HDMI,Ноутбук,Принтер
Without credit,Провод.HDMI,Ноутбук,Принтер
Without credit,Провод.HDMI,Ноутбук,Принтер
Without credit,Провод.HDMI,Ноутбук,Принтер
With credit
With credit
With credit
With credit
With credit
With credit
With credit
With credit
With credit
With credit
With credit
With credit
With credit
With credit
With credit
With credit,Провод.HDMI,DVD.плеер,ЖК.телевизор
With credit,Провод.HDMI,DVD.плеер,ЖК.телевизор
With credit,Провод.HDMI,DVD.плеер,ЖК.телевизор
With credit,Провод.HDMI,DVD.плеер,ЖК.телевизор
With credit,Провод.HDMI,DVD.плеер,ЖК.телевизор
With credit,Провод.HDMI,DVD.плеер,ЖК.телевизор
With credit,Провод.HDMI,DVD.плеер,ЖК.телевизор
With credit,Провод.HDMI,DVD.плеер,ЖК.телевизор
With credit,Провод.HDMI,DVD.плеер,ЖК.телевизор
With credit,Провод.HDMI,DVD.плеер,ЖК.телевизор
With credit,Провод.HDMI,DVD.плеер,ЖК.телевизор
With credit,Провод.HDMI,DVD.плеер,ЖК.телевизор
With credit,Провод.HDMI,DVD.плеер,ЖК.телевизор
With credit,Провод.HDMI,DVD.плеер,ЖК.телевизор
With credit,Провод.HDMI,DVD.плеер,ЖК.телевизор
Without credit,Провод.HDMI,ПК,Принтер
Without credit,Провод.HDMI,ПК,Принтер
Without credit,Провод.HDMI,ПК,Принтер
Without credit,Провод.HDMI,ПК,Принтер
Without credit,Провод.HDMI,ПК,Принтер
Without credit,Провод.HDMI,ПК,Принтер
Without credit,Провод.HDMI,ПК,Принтер
Without credit,Провод.HDMI,ПК,Принтер
Without credit,Провод.HDMI,ПК,Принтер
Without credit,Провод.HDMI,ПК,Принтер
Without credit,Провод.HDMI,ПК,Принтер
Without credit,Провод.HDMI,ПК,Принтер
Without credit,Провод.HDMI,ПК,Принтер
Without credit
Without credit
Without credit
Without credit
Without credit
Without credit
Without credit
Without credit
Without credit
Without credit
Without credit
Without credit
Without credit
Without credit
With credit,Наушники,Провод.HDMI,Домашний.кинотеатр,Ноутбук,Холодильник,Принтер
With credit,Наушники,Провод.HDMI,DVD.плеер,ЖК.телевизор,ПК,Холодильник,Принтер
With credit,Наушники,Домашний.кинотеатр,Ноутбук,DVD.плеер,ЖК.телевизор,ПК,Принтер
With credit,Наушники,Провод.HDMI,Домашний.кинотеатр,DVD.плеер,ЖК.телевизор,ПК,Холодильник,Принтер
Without credit,Наушники,Провод.HDMI,ЖК.телевизор,Холодильник
Without credit,Провод.HDMI,Ноутбук,DVD.плеер,ЖК.телевизор
Without credit,Наушники,DVD.плеер,Холодильник,Принтер
With credit,Наушники,Провод.HDMI,Домашний.кинотеатр,Ноутбук,DVD.плеер,ЖК.телевизор,Холодильник,Принтер
Without credit,Наушники,ЖК.телевизор,Холодильник
Without credit,Наушники,Провод.HDMI,DVD.плеер,ПК,Принтер
Without credit,Ноутбук,Принтер
Without credit,Провод.HDMI,Ноутбук,Принтер
Without credit,Провод.HDMI,Ноутбук,Принтер
Without credit,Провод.HDMI,Ноутбук,Принтер
Without credit,Провод.HDMI,Ноутбук,Принтер
Without credit,Провод.HDMI,Ноутбук,Принтер
Without credit,Провод.HDMI,Ноутбук,Принтер
Without credit,Провод.HDMI,Ноутбук,Принтер
Without credit,Провод.HDMI,Ноутбук,Принтер
With credit
With credit
With credit
With credit
With credit
With credit
With credit
With credit
With credit
With credit
With credit
With credit
With credit
With credit
With credit
With credit,Провод.HDMI,DVD.плеер,ЖК.телевизор
With credit,Провод.HDMI,DVD.плеер,ЖК.телевизор
With credit,Провод.HDMI,DVD.плеер,ЖК.телевизор
With credit,Провод.HDMI,DVD.плеер,ЖК.телевизор
With credit,Провод.HDMI,DVD.плеер,ЖК.телевизор
With credit,Провод.HDMI,DVD.плеер,ЖК.телевизор
With credit,Провод.HDMI,DVD.плеер,ЖК.телевизор
With credit,Провод.HDMI,DVD.плеер,ЖК.телевизор
With credit,Провод.HDMI,DVD.плеер,ЖК.телевизор
With credit,Провод.HDMI,DVD.плеер,ЖК.телевизор
With credit,Провод.HDMI,DVD.плеер,ЖК.телевизор
With credit,Провод.HDMI,DVD.плеер,ЖК.телевизор
With credit,Провод.HDMI,DVD.плеер,ЖК.телевизор
With credit,Провод.HDMI,DVD.плеер,ЖК.телевизор
With credit,Провод.HDMI,DVD.плеер,ЖК.телевизор
Without credit,Провод.HDMI,ПК,Принтер
Without credit,Провод.HDMI,ПК,Принтер
Without credit,Провод.HDMI,ПК,Принтер
Without credit,Провод.HDMI,ПК,Принтер
Without credit,Провод.HDMI,ПК,Принтер
Without credit,Провод.HDMI,ПК,Принтер
Without credit,Провод.HDMI,ПК,Принтер
Without credit,Провод.HDMI,ПК,Принтер
Without credit,Провод.HDMI,ПК,Принтер
Without credit,Провод.HDMI,ПК,Принтер
Without credit,Провод.HDMI,ПК,Принтер
Without credit,Провод.HDMI,ПК,Принтер
Without credit,Провод.HDMI,ПК,Принтер
Without credit
Without credit
Without credit
Without credit
Without credit
Without credit
Without credit
Without credit
Without credit
Without credit
Without credit
Without credit
Without credit
Without credit
With credit,Наушники,Провод.HDMI,Домашний.кинотеатр,Ноутбук,Холодильник,Принтер
With credit,Наушники,Провод.HDMI,DVD.плеер,ЖК.телевизор,ПК,Холодильник,Принтер
With credit,Наушники,Домашний.кинотеатр,Ноутбук,DVD.плеер,ЖК.телевизор,ПК,Принтер
With credit,Наушники,Провод.HDMI,Домашний.кинотеатр,DVD.плеер,ЖК.телевизор,ПК,Холодильник,Принтер
Without credit,Наушники,Провод.HDMI,ЖК.телевизор,Холодильник
Without credit,Провод.HDMI,Ноутбук,DVD.плеер,ЖК.телевизор
Without credit,Наушники,DVD.плеер,Холодильник,Принтер
With credit,Наушники,Провод.HDMI,Домашний.кинотеатр,Ноутбук,DVD.плеер,ЖК.телевизор,Холодильник,Принтер
Without credit,Наушники,ЖК.телевизор,Холодильник
Without credit,Наушники,Провод.HDMI,DVD.плеер,ПК,Принтер
Without credit,Ноутбук,Принтер
Without credit,Провод.HDMI,Ноутбук,Принтер
Without credit,Провод.HDMI,Ноутбук,Принтер
Without credit,Провод.HDMI,Ноутбук,Принтер
Without credit,Провод.HDMI,Ноутбук,Принтер
Without credit,Провод.HDMI,Ноутбук,Принтер
Without credit,Провод.HDMI,Ноутбук,Принтер
Without credit,Провод.HDMI,Ноутбук,Принтер
Without credit,Провод.HDMI,Ноутбук,Принтер
With credit
With credit
With credit
With credit
With credit
With credit
With credit
With credit
With credit
With credit
With credit
With credit
With credit
With credit
With credit
With credit,Провод.HDMI,DVD.плеер,ЖК.телевизор
With credit,Провод.HDMI,DVD.плеер,ЖК.телевизор
With credit,Провод.HDMI,DVD.плеер,ЖК.телевизор
With credit,Провод.HDMI,DVD.плеер,ЖК.телевизор
With credit,Провод.HDMI,DVD.плеер,ЖК.телевизор
With credit,Провод.HDMI,DVD.плеер,ЖК.телевизор
With credit,Провод.HDMI,DVD.плеер,ЖК.телевизор
With credit,Провод.HDMI,DVD.плеер,ЖК.телевизор
With credit,Провод.HDMI,DVD.плеер,ЖК.телевизор
With credit,Провод.HDMI,DVD.плеер,ЖК.телевизор
With credit,Провод.HDMI,DVD.плеер,ЖК.телевизор
With credit,Провод.HDMI,DVD.плеер,ЖК.телевизор
With credit,Провод.HDMI,DVD.плеер,ЖК.телевизор
With credit,Провод.HDMI,DVD.плеер,ЖК.телевизор
With credit,Провод.HDMI,DVD.плеер,ЖК.телевизор
Without credit,Провод.HDMI,ПК,Принтер
Without credit,Провод.HDMI,ПК,Принтер
Without credit,Провод.HDMI,ПК,Принтер
Without credit,Провод.HDMI,ПК,Принтер
Without credit,Провод.HDMI,ПК,Принтер
Without credit,Провод.HDMI,ПК,Принтер
Without credit,Провод.HDMI,ПК,Принтер
Without credit,Провод.HDMI,ПК,Принтер
Without credit,Провод.HDMI,ПК,Принтер
Without credit,Провод.HDMI,ПК,Принтер
Without credit,Провод.HDMI,ПК,Принтер
Without credit,Провод.HDMI,ПК,Принтер
Without credit,Провод.HDMI,ПК,Принтер
Without credit
Without credit
Without credit
Without credit
Without credit
Without credit
Without credit
Without credit
Without credit
Without credit
Without credit
Without credit
Without credit
Without credit
With credit,Наушники,Провод.HDMI,Домашний.кинотеатр,Ноутбук,Холодильник,Принтер
With credit,Наушники,Провод.HDMI,DVD.плеер,ЖК.телевизор,ПК,Холодильник,Принтер
With credit,Наушники,Домашний.кинотеатр,Ноутбук,DVD.плеер,ЖК.телевизор,ПК,Принтер
With credit,Наушники,Провод.HDMI,Домашний.кинотеатр,DVD.плеер,ЖК.телевизор,ПК,Холодильник,Принтер
Without credit,Наушники,Провод.HDMI,ЖК.телевизор,Холодильник
Without credit,Провод.HDMI,Ноутбук,DVD.плеер,ЖК.телевизор
Without credit,Наушники,DVD.плеер,Холодильник,Принтер
With credit,Наушники,Провод.HDMI,Домашний.кинотеатр,Ноутбук,DVD.плеер,ЖК.телевизор,Холодильник,Принтер
Without credit,Наушники,ЖК.телевизор,Холодильник
Without credit,Наушники,Провод.HDMI,DVD.плеер,ПК,Принтер
Without credit,Ноутбук,Принтер
Without credit,Провод.HDMI,Ноутбук,Принтер
Without credit,Провод.HDMI,Ноутбук,Принтер
Without credit,Провод.HDMI,Ноутбук,Принтер
Without credit,Провод.HDMI,Ноутбук,Принтер
Without credit,Провод.HDMI,Ноутбук,Принтер
Without credit,Провод.HDMI,Ноутбук,Принтер
Without credit,Провод.HDMI,Ноутбук,Принтер
Without credit,Провод.HDMI,Ноутбук,Принтер
With credit
With credit
With credit
With credit
With credit
With credit
With credit
With credit
With credit
With credit
With credit
With credit
With credit
With credit
With credit
With credit,Провод.HDMI,DVD.плеер,ЖК.телевизор
With credit,Провод.HDMI,DVD.плеер,ЖК.телевизор
With credit,Провод.HDMI,DVD.плеер,ЖК.телевизор
With credit,Провод.HDMI,DVD.плеер,ЖК.телевизор
With credit,Провод.HDMI,DVD.плеер,ЖК.телевизор
With credit,Провод.HDMI,DVD.плеер,ЖК.телевизор
With credit,Провод.HDMI,DVD.плеер,ЖК.телевизор
With credit,Провод.HDMI,DVD.плеер,ЖК.телевизор
With credit,Провод.HDMI,DVD.плеер,ЖК.телевизор
With credit,Провод.HDMI,DVD.плеер,ЖК.телевизор
With credit,Провод.HDMI,DVD.плеер,ЖК.телевизор
With credit,Провод.HDMI,DVD.плеер,ЖК.телевизор
With credit,Провод.HDMI,DVD.плеер,ЖК.телевизор
With credit,Провод.HDMI,DVD.плеер,ЖК.телевизор
With credit,Провод.HDMI,DVD.плеер,ЖК.телевизор
Without credit,Провод.HDMI,ПК,Принтер
Without credit,Провод.HDMI,ПК,Принтер
Without credit,Провод.HDMI,ПК,Принтер
Without credit,Провод.HDMI,ПК,Принтер
Without credit,Провод.HDMI,ПК,Принтер
Without credit,Провод.HDMI,ПК,Принтер
Without credit,Провод.HDMI,ПК,Принтер
Without credit,Провод.HDMI,ПК,Принтер
Without credit,Провод.HDMI,ПК,Принтер
Without credit,Провод.HDMI,ПК,Принтер
Without credit,Провод.HDMI,ПК,Принтер
Without credit,Провод.HDMI,ПК,Принтер
Without credit,Провод.HDMI,ПК,Принтер
Without credit
Without credit
Without credit
Without credit
Without credit
Without credit
Without credit
Without credit
Without credit
Without credit
Without credit
Without credit
Without credit
Without credit
With credit,Наушники,Провод.HDMI,Домашний.кинотеатр,Ноутбук,Холодильник,Принтер
With credit,Наушники,Провод.HDMI,DVD.плеер,ЖК.телевизор,ПК,Холодильник,Принтер
With credit,Наушники,Домашний.кинотеатр,Ноутбук,DVD.плеер,ЖК.телевизор,ПК,Принтер
With credit,Наушники,Провод.HDMI,Домашний.кинотеатр,DVD.плеер,ЖК.телевизор,ПК,Холодильник,Принтер
Without credit,Наушники,Провод.HDMI,ЖК.телевизор,Холодильник
Without credit,Провод.HDMI,Ноутбук,DVD.плеер,ЖК.телевизор
Without credit,Наушники,DVD.плеер,Холодильник,Принтер
With credit,Наушники,Провод.HDMI,Домашний.кинотеатр,Ноутбук,DVD.плеер,ЖК.телевизор,Холодильник,Принтер
Without credit,Наушники,ЖК.телевизор,Холодильник
Without credit,Наушники,Провод.HDMI,DVD.плеер,ПК,Принтер
Without credit,Ноутбук,Принтер
Without credit,Провод.HDMI,Ноутбук,Принтер
Without credit,Провод.HDMI,Ноутбук,Принтер
Without credit,Провод.HDMI,Ноутбук,Принтер
Without credit,Провод.HDMI,Ноутбук,Принтер
Without credit,Провод.HDMI,Ноутбук,Принтер
Without credit,Провод.HDMI,Ноутбук,Принтер
Without credit,Провод.HDMI,Ноутбук,Принтер
Without credit,Провод.HDMI,Ноутбук,Принтер
With credit
With credit
With credit
With credit
With credit
With credit
With credit
With credit
With credit
With credit
With credit
With credit
With credit
With credit
With credit
With credit,Провод.HDMI,DVD.плеер,ЖК.телевизор
With credit,Провод.HDMI,DVD.плеер,ЖК.телевизор
With credit,Провод.HDMI,DVD.плеер,ЖК.телевизор
With credit,Провод.HDMI,DVD.плеер,ЖК.телевизор
With credit,Провод.HDMI,DVD.плеер,ЖК.телевизор
With credit,Провод.HDMI,DVD.плеер,ЖК.телевизор
With credit,Провод.HDMI,DVD.плеер,ЖК.телевизор
With credit,Провод.HDMI,DVD.плеер,ЖК.телевизор
With credit,Провод.HDMI,DVD.плеер,ЖК.телевизор
With credit,Провод.HDMI,DVD.плеер,ЖК.телевизор
With credit,Провод.HDMI,DVD.плеер,ЖК.телевизор
With credit,Провод.HDMI,DVD.плеер,ЖК.телевизор
With credit,Провод.HDMI,DVD.плеер,ЖК.телевизор
With credit,Провод.HDMI,DVD.плеер,ЖК.телевизор
With credit,Провод.HDMI,DVD.плеер,ЖК.телевизор
Without credit,Провод.HDMI,ПК,Принтер
Without credit,Провод.HDMI,ПК,Принтер
Without credit,Провод.HDMI,ПК,Принтер
Without credit,Провод.HDMI,ПК,Принтер
Without credit,Провод.HDMI,ПК,Принтер
Without credit,Провод.HDMI,ПК,Принтер
Without credit,Провод.HDMI,ПК,Принтер
Without credit,Провод.HDMI,ПК,Принтер
Without credit,Провод.HDMI,ПК,Принтер
Without credit,Провод.HDMI,ПК,Принтер
Without credit,Провод.HDMI,ПК,Принтер
Without credit,Провод.HDMI,ПК,Принтер
Without credit,Провод.HDMI,ПК,Принтер
Without credit
Without credit
Without credit
Without credit
Without credit
Without credit
Without credit
Without credit
Without credit
Without credit
Without credit
Without credit
Without credit
Without credit
With credit,Наушники,Провод.HDMI,Домашний.кинотеатр,Ноутбук,Холодильник,Принтер
With credit,Наушники,Провод.HDMI,DVD.плеер,ЖК.телевизор,ПК,Холодильник,Принтер
With credit,Наушники,Домашний.кинотеатр,Ноутбук,DVD.плеер,ЖК.телевизор,ПК,Принтер
With credit,Наушники,Провод.HDMI,Домашний.кинотеатр,DVD.плеер,ЖК.телевизор,ПК,Холодильник,Принтер
Without credit,Наушники,Провод.HDMI,ЖК.телевизор,Холодильник
Without credit,Провод.HDMI,Ноутбук,DVD.плеер,ЖК.телевизор
Without credit,Наушники,DVD.плеер,Холодильник,Принтер
With credit,Наушники,Провод.HDMI,Домашний.кинотеатр,Ноутбук,DVD.плеер,ЖК.телевизор,Холодильник,Принтер
Without credit,Наушники,ЖК.телевизор,Холодильник
Without credit,Наушники,Провод.HDMI,DVD.плеер,ПК,Принтер
Without credit,Ноутбук,Принтер
Without credit,Провод.HDMI,Ноутбук,Принтер
Without credit,Провод.HDMI,Ноутбук,Принтер
Without credit,Провод.HDMI,Ноутбук,Принтер
Without credit,Провод.HDMI,Ноутбук,Принтер
Without credit,Провод.HDMI,Ноутбук,Принтер
Without credit,Провод.HDMI,Ноутбук,Принтер
Without credit,Провод.HDMI,Ноутбук,Принтер
Without credit,Провод.HDMI,Ноутбук,Принтер
With credit
With credit
With credit
With credit
With credit
With credit
With credit
With credit
With credit
With credit
With credit
With credit
With credit
With credit
With credit
With credit,Провод.HDMI,DVD.плеер,ЖК.телевизор
With credit,Провод.HDMI,DVD.плеер,ЖК.телевизор
With credit,Провод.HDMI,DVD.плеер,ЖК.телевизор
With credit,Провод.HDMI,DVD.плеер,ЖК.телевизор
With credit,Провод.HDMI,DVD.плеер,ЖК.телевизор
With credit,Провод.HDMI,DVD.плеер,ЖК.телевизор
With credit,Провод.HDMI,DVD.плеер,ЖК.телевизор
With credit,Провод.HDMI,DVD.плеер,ЖК.телевизор
With credit,Провод.HDMI,DVD.плеер,ЖК.телевизор
With credit,Провод.HDMI,DVD.плеер,ЖК.телевизор
With credit,Провод.HDMI,DVD.плеер,ЖК.телевизор
With credit,Провод.HDMI,DVD.плеер,ЖК.телевизор
With credit,Провод.HDMI,DVD.плеер,ЖК.телевизор
With credit,Провод.HDMI,DVD.плеер,ЖК.телевизор
With credit,Провод.HDMI,DVD.плеер,ЖК.телевизор
Without credit,Провод.HDMI,ПК,Принтер
Without credit,Провод.HDMI,ПК,Принтер
Without credit,Провод.HDMI,ПК,Принтер
Without credit,Провод.HDMI,ПК,Принтер
Without credit,Провод.HDMI,ПК,Принтер
Without credit,Провод.HDMI,ПК,Принтер
Without credit,Провод.HDMI,ПК,Принтер
Without credit,Провод.HDMI,ПК,Принтер
Without credit,Провод.HDMI,ПК,Принтер
Without credit,Провод.HDMI,ПК,Принтер
Without credit,Провод.HDMI,ПК,Принтер
Without credit,Провод.HDMI,ПК,Принтер
Without credit,Провод.HDMI,ПК,Принтер
Without credit
Without credit
Without credit
Without credit
Without credit
Without credit
Without credit
Without credit
Without credit
Without credit
Without credit
Without credit
Without credit
Without credit
With credit,Наушники,Провод.HDMI,Домашний.кинотеатр,Ноутбук,Холодильник,Принтер
With credit,Наушники,Провод.HDMI,DVD.плеер,ЖК.телевизор,ПК,Холодильник,Принтер
With credit,Наушники,Домашний.кинотеатр,Ноутбук,DVD.плеер,ЖК.телевизор,ПК,Принтер
With credit,Наушники,Провод.HDMI,Домашний.кинотеатр,DVD.плеер,ЖК.телевизор,ПК,Холодильник,Принтер
Without credit,Наушники,Провод.HDMI,ЖК.телевизор,Холодильник
Without credit,Провод.HDMI,Ноутбук,DVD.плеер,ЖК.телевизор
Without credit,Наушники,DVD.плеер,Холодильник,Принтер
With credit,Наушники,Провод.HDMI,Домашний.кинотеатр,Ноутбук,DVD.плеер,ЖК.телевизор,Холодильник,Принтер
Without credit,Наушники,ЖК.телевизор,Холодильник
Without credit,Наушники,Провод.HDMI,DVD.плеер,ПК,Принтер
Without credit,Ноутбук,Принтер
Without credit,Провод.HDMI,Ноутбук,Принтер
Without credit,Провод.HDMI,Ноутбук,Принтер
Without credit,Провод.HDMI,Ноутбук,Принтер
Without credit,Провод.HDMI,Ноутбук,Принтер
Without credit,Провод.HDMI,Ноутбук,Принтер
Without credit,Провод.HDMI,Ноутбук,Принтер
Without credit,Провод.HDMI,Ноутбук,Принтер
Without credit,Провод.HDMI,Ноутбук,Принтер
With credit
With credit
With credit
With credit
With credit
With credit
With credit
With credit
With credit
With credit
With credit
With credit
With credit
With credit
With credit
With credit,Провод.HDMI,DVD.плеер,ЖК.телевизор
With credit,Провод.HDMI,DVD.плеер,ЖК.телевизор
With credit,Провод.HDMI,DVD.плеер,ЖК.телевизор
With credit,Провод.HDMI,DVD.плеер,ЖК.телевизор
With credit,Провод.HDMI,DVD.плеер,ЖК.телевизор
With credit,Провод.HDMI,DVD.плеер,ЖК.телевизор
With credit,Провод.HDMI,DVD.плеер,ЖК.телевизор
With credit,Провод.HDMI,DVD.плеер,ЖК.телевизор
With credit,Провод.HDMI,DVD.плеер,ЖК.телевизор
With credit,Провод.HDMI,DVD.плеер,ЖК.телевизор
With credit,Провод.HDMI,DVD.плеер,ЖК.телевизор
With credit,Провод.HDMI,DVD.плеер,ЖК.телевизор
With credit,Провод.HDMI,DVD.плеер,ЖК.телевизор
With credit,Провод.HDMI,DVD.плеер,ЖК.телевизор
With credit,Провод.HDMI,DVD.плеер,ЖК.телевизор
Without credit,Провод.HDMI,ПК,Принтер
Without credit,Провод.HDMI,ПК,Принтер
Without credit,Провод.HDMI,ПК,Принтер
Without credit,Провод.HDMI,ПК,Принтер
Without credit,Провод.HDMI,ПК,Принтер
Without credit,Провод.HDMI,ПК,Принтер
Without credit,Провод.HDMI,ПК,Принтер
Without credit,Провод.HDMI,ПК,Принтер
Without credit,Провод.HDMI,ПК,Принтер
Without credit,Провод.HDMI,ПК,Принтер
Without credit,Провод.HDMI,ПК,Принтер
Without credit,Провод.HDMI,ПК,Принтер
Without credit,Провод.HDMI,ПК,Принтер
Without credit
Without credit
Without credit
Without credit
Without credit
Without credit
Without credit
Without credit
Without credit
Without credit
Without credit
Without credit
Without credit
Without credit
With credit,Наушники,Провод.HDMI,Домашний.кинотеатр,Ноутбук,Холодильник,Принтер
With credit,Наушники,Провод.HDMI,DVD.плеер,ЖК.телевизор,ПК,Холодильник,Принтер
With credit,Наушники,Домашний.кинотеатр,Ноутбук,DVD.плеер,ЖК.телевизор,ПК,Принтер
With credit,Наушники,Провод.HDMI,Домашний.кинотеатр,DVD.плеер,ЖК.телевизор,ПК,Холодильник,Принтер
Without credit,Наушники,Провод.HDMI,ЖК.телевизор,Холодильник
Without credit,Провод.HDMI,Ноутбук,DVD.плеер,ЖК.телевизор
Without credit,Наушники,DVD.плеер,Холодильник,Принтер
With credit,Наушники,Провод.HDMI,Домашний.кинотеатр,Ноутбук,DVD.плеер,ЖК.телевизор,Холодильник,Принтер
Without credit,Наушники,ЖК.телевизор,Холодильник
Without credit,Наушники,Провод.HDMI,DVD.плеер,ПК,Принтер
Without credit,Ноутбук,Принтер
Without credit,Провод.HDMI,Ноутбук,Принтер
Without credit,Провод.HDMI,Ноутбук,Принтер
Without credit,Провод.HDMI,Ноутбук,Принтер
Without credit,Провод.HDMI,Ноутбук,Принтер
Without credit,Провод.HDMI,Ноутбук,Принтер
Without credit,Провод.HDMI,Ноутбук,Принтер
Without credit,Провод.HDMI,Ноутбук,Принтер
Without credit,Провод.HDMI,Ноутбук,Принтер
With credit
With credit
With credit
With credit
With credit
With credit
With credit
With credit
With credit
With credit
With credit
With credit
With credit
With credit
With credit
With credit,Провод.HDMI,DVD.плеер,ЖК.телевизор
With credit,Провод.HDMI,DVD.плеер,ЖК.телевизор
With credit,Провод.HDMI,DVD.плеер,ЖК.телевизор
With credit,Провод.HDMI,DVD.плеер,ЖК.телевизор
With credit,Провод.HDMI,DVD.плеер,ЖК.телевизор
With credit,Провод.HDMI,DVD.плеер,ЖК.телевизор
With credit,Провод.HDMI,DVD.плеер,ЖК.телевизор
With credit,Провод.HDMI,DVD.плеер,ЖК.телевизор
With credit,Провод.HDMI,DVD.плеер,ЖК.телевизор
With credit,Провод.HDMI,DVD.плеер,ЖК.телевизор
With credit,Провод.HDMI,DVD.плеер,ЖК.телевизор
With credit,Провод.HDMI,DVD.плеер,ЖК.телевизор
With credit,Провод.HDMI,DVD.плеер,ЖК.телевизор
With credit,Провод.HDMI,DVD.плеер,ЖК.телевизор
With credit,Провод.HDMI,DVD.плеер,ЖК.телевизор
Without credit,Провод.HDMI,ПК,Принтер
Without credit,Провод.HDMI,ПК,Принтер
Without credit,Провод.HDMI,ПК,Принтер
Without credit,Провод.HDMI,ПК,Принтер
Without credit,Провод.HDMI,ПК,Принтер
Without credit,Провод.HDMI,ПК,Принтер
Without credit,Провод.HDMI,ПК,Принтер
Without credit,Провод.HDMI,ПК,Принтер
Without credit,Провод.HDMI,ПК,Принтер
Without credit,Провод.HDMI,ПК,Принтер
Without credit,Провод.HDMI,ПК,Принтер
Without credit,Провод.HDMI,ПК,Принтер
Without credit,Провод.HDMI,ПК,Принтер
Without credit
Without credit
Without credit
Without credit
Without credit
Without credit
Without credit
Without credit
Without credit
Without credit
Without credit
Without credit
Without credit
Without credit
With credit,Музыкальный.центр,Наушники,Домашний.кинотеатр,Ноутбук,DVD.плеер,ЖК.телевизор,Холодильник
Without credit,Музыкальный.центр,Провод.HDMI,ЖК.телевизор,ПК
With credit,Музыкальный.центр,Наушники,Провод.HDMI,Домашний.кинотеатр,ПК,Принтер
Without credit,Музыкальный.центр,Провод.HDMI,Ноутбук,DVD.плеер,ЖК.телевизор,ПК,Принтер
Without credit,Музыкальный.центр,Наушники,Ноутбук,DVD.плеер,ЖК.телевизор,ПК,Принтер
Without credit,Музыкальный.центр,Провод.HDMI,Домашний.кинотеатр,Принтер
With credit,Музыкальный.центр,Ноутбук,ЖК.телевизор,Холодильник,Принтер
With credit,Музыкальный.центр,Ноутбук,DVD.плеер,ЖК.телевизор,ПК,Холодильник,Принтер
With credit,Музыкальный.центр,Наушники,Ноутбук,DVD.плеер,ЖК.телевизор,ПК,Холодильник,Принтер
Without credit,Музыкальный.центр,Провод.HDMI,ЖК.телевизор,Принтер
With credit,Музыкальный.центр,Наушники,Ноутбук,ПК,Холодильник,Принтер
With credit,Музыкальный.центр,Наушники,Провод.HDMI,Домашний.кинотеатр,ЖК.телевизор,Холодильник
With credit,Музыкальный.центр,Наушники,Домашний.кинотеатр
With credit,Музыкальный.центр,Наушники,Домашний.кинотеатр
With credit,Музыкальный.центр,Наушники,Домашний.кинотеатр
With credit,Музыкальный.центр,Наушники,Домашний.кинотеатр
With credit,Музыкальный.центр,Наушники,Домашний.кинотеатр
With credit,Музыкальный.центр,Наушники,Домашний.кинотеатр
With credit,Музыкальный.центр,Наушники,Домашний.кинотеатр
With credit,Музыкальный.центр,Наушники,Домашний.кинотеатр
With credit,Музыкальный.центр,Наушники,Домашний.кинотеатр
With credit,Музыкальный.центр,Наушники,Домашний.кинотеатр
With credit,Музыкальный.центр,Наушники,Домашний.кинотеатр
With credit,Музыкальный.центр,Наушники,Домашний.кинотеатр
With credit,Музыкальный.центр,DVD.плеер,ЖК.телевизор,Холодильник
With credit,Музыкальный.центр,DVD.плеер,ЖК.телевизор,Холодильник
With credit,Музыкальный.центр,DVD.плеер,ЖК.телевизор,Холодильник
With credit,Музыкальный.центр,DVD.плеер,ЖК.телевизор,Холодильник
With credit,Музыкальный.центр,DVD.плеер,ЖК.телевизор,Холодильник
With credit,Музыкальный.центр,DVD.плеер,ЖК.телевизор,Холодильник
With credit,Музыкальный.центр,DVD.плеер,ЖК.телевизор,Холодильник
Without credit,Музыкальный.центр,Наушники
Without credit,Музыкальный.центр,Наушники
Without credit,Музыкальный.центр,Наушники
Without credit,Музыкальный.центр,Наушники
Without credit,Музыкальный.центр,Наушники
Without credit,Музыкальный.центр,Наушники
Without credit,Музыкальный.центр,Наушники
Without credit,Музыкальный.центр,Наушники
Without credit,Музыкальный.центр,Наушники
Without credit,Музыкальный.центр,Наушники
Without credit,Музыкальный.центр,Наушники
Without credit,Музыкальный.центр,Наушники
Without credit,Музыкальный.центр,Наушники
Without credit,Музыкальный.центр,Наушники
Without credit,Музыкальный.центр,Наушники
Without credit,Музыкальный.центр,Наушники
With credit,Музыкальный.центр,Наушники,Домашний.кинотеатр,Ноутбук,DVD.плеер,ЖК.телевизор,Холодильник
Without credit,Музыкальный.центр,Провод.HDMI,ЖК.телевизор,ПК
With credit,Музыкальный.центр,Наушники,Провод.HDMI,Домашний.кинотеатр,ПК,Принтер
Without credit,Музыкальный.центр,Провод.HDMI,Ноутбук,DVD.плеер,ЖК.телевизор,ПК,Принтер
Without credit,Музыкальный.центр,Наушники,Ноутбук,DVD.плеер,ЖК.телевизор,ПК,Принтер
Without credit,Музыкальный.центр,Провод.HDMI,Домашний.кинотеатр,Принтер
With credit,Музыкальный.центр,Ноутбук,ЖК.телевизор,Холодильник,Принтер
With credit,Музыкальный.центр,Ноутбук,DVD.плеер,ЖК.телевизор,ПК,Холодильник,Принтер
With credit,Музыкальный.центр,Наушники,Ноутбук,DVD.плеер,ЖК.телевизор,ПК,Холодильник,Принтер
Without credit,Музыкальный.центр,Провод.HDMI,ЖК.телевизор,Принтер
With credit,Музыкальный.центр,Наушники,Ноутбук,ПК,Холодильник,Принтер
With credit,Музыкальный.центр,Наушники,Провод.HDMI,Домашний.кинотеатр,ЖК.телевизор,Холодильник
With credit,Музыкальный.центр,Наушники,Домашний.кинотеатр
With credit,Музыкальный.центр,Наушники,Домашний.кинотеатр
With credit,Музыкальный.центр,Наушники,Домашний.кинотеатр
With credit,Музыкальный.центр,Наушники,Домашний.кинотеатр
With credit,Музыкальный.центр,Наушники,Домашний.кинотеатр
With credit,Музыкальный.центр,Наушники,Домашний.кинотеатр
With credit,Музыкальный.центр,Наушники,Домашний.кинотеатр
With credit,Музыкальный.центр,Наушники,Домашний.кинотеатр
With credit,Музыкальный.центр,Наушники,Домашний.кинотеатр
With credit,Музыкальный.центр,Наушники,Домашний.кинотеатр
With credit,Музыкальный.центр,Наушники,Домашний.кинотеатр
With credit,Музыкальный.центр,Наушники,Домашний.кинотеатр
With credit,Музыкальный.центр,DVD.плеер,ЖК.телевизор,Холодильник
With credit,Музыкальный.центр,DVD.плеер,ЖК.телевизор,Холодильник
With credit,Музыкальный.центр,DVD.плеер,ЖК.телевизор,Холодильник
With credit,Музыкальный.центр,DVD.плеер,ЖК.телевизор,Холодильник
With credit,Музыкальный.центр,DVD.плеер,ЖК.телевизор,Холодильник
With credit,Музыкальный.центр,DVD.плеер,ЖК.телевизор,Холодильник
With credit,Музыкальный.центр,DVD.плеер,ЖК.телевизор,Холодильник
Without credit,Музыкальный.центр,Наушники
Without credit,Музыкальный.центр,Наушники
Without credit,Музыкальный.центр,Наушники
Without credit,Музыкальный.центр,Наушники
Without credit,Музыкальный.центр,Наушники
Without credit,Музыкальный.центр,Наушники
Without credit,Музыкальный.центр,Наушники
Without credit,Музыкальный.центр,Наушники
Without credit,Музыкальный.центр,Наушники
Without credit,Музыкальный.центр,Наушники
Without credit,Музыкальный.центр,Наушники
Without credit,Музыкальный.центр,Наушники
Without credit,Музыкальный.центр,Наушники
Without credit,Музыкальный.центр,Наушники
Without credit,Музыкальный.центр,Наушники
Without credit,Музыкальный.центр,Наушники
With credit,Музыкальный.центр,Наушники,Домашний.кинотеатр,Ноутбук,DVD.плеер,ЖК.телевизор,Холодильник
Without credit,Музыкальный.центр,Провод.HDMI,ЖК.телевизор,ПК
With credit,Музыкальный.центр,Наушники,Провод.HDMI,Домашний.кинотеатр,ПК,Принтер
Without credit,Музыкальный.центр,Провод.HDMI,Ноутбук,DVD.плеер,ЖК.телевизор,ПК,Принтер
Without credit,Музыкальный.центр,Наушники,Ноутбук,DVD.плеер,ЖК.телевизор,ПК,Принтер
Without credit,Музыкальный.центр,Провод.HDMI,Домашний.кинотеатр,Принтер
With credit,Музыкальный.центр,Ноутбук,ЖК.телевизор,Холодильник,Принтер
With credit,Музыкальный.центр,Ноутбук,DVD.плеер,ЖК.телевизор,ПК,Холодильник,Принтер
With credit,Музыкальный.центр,Наушники,Ноутбук,DVD.плеер,ЖК.телевизор,ПК,Холодильник,Принтер
Without credit,Музыкальный.центр,Провод.HDMI,ЖК.телевизор,Принтер
With credit,Музыкальный.центр,Наушники,Ноутбук,ПК,Холодильник,Принтер
With credit,Музыкальный.центр,Наушники,Провод.HDMI,Домашний.кинотеатр,ЖК.телевизор,Холодильник
With credit,Музыкальный.центр,Наушники,Домашний.кинотеатр
With credit,Музыкальный.центр,Наушники,Домашний.кинотеатр
With credit,Музыкальный.центр,Наушники,Домашний.кинотеатр
With credit,Музыкальный.центр,Наушники,Домашний.кинотеатр
With credit,Музыкальный.центр,Наушники,Домашний.кинотеатр
With credit,Музыкальный.центр,Наушники,Домашний.кинотеатр
With credit,Музыкальный.центр,Наушники,Домашний.кинотеатр
With credit,Музыкальный.центр,Наушники,Домашний.кинотеатр
With credit,Музыкальный.центр,Наушники,Домашний.кинотеатр
With credit,Музыкальный.центр,Наушники,Домашний.кинотеатр
With credit,Музыкальный.центр,Наушники,Домашний.кинотеатр
With credit,Музыкальный.центр,Наушники,Домашний.кинотеатр
With credit,Музыкальный.центр,DVD.плеер,ЖК.телевизор,Холодильник
With credit,Музыкальный.центр,DVD.плеер,ЖК.телевизор,Холодильник
With credit,Музыкальный.центр,DVD.плеер,ЖК.телевизор,Холодильник
With credit,Музыкальный.центр,DVD.плеер,ЖК.телевизор,Холодильник
With credit,Музыкальный.центр,DVD.плеер,ЖК.телевизор,Холодильник
With credit,Музыкальный.центр,DVD.плеер,ЖК.телевизор,Холодильник
With credit,Музыкальный.центр,DVD.плеер,ЖК.телевизор,Холодильник
Without credit,Музыкальный.центр,Наушники
Without credit,Музыкальный.центр,Наушники
Without credit,Музыкальный.центр,Наушники
Without credit,Музыкальный.центр,Наушники
Without credit,Музыкальный.центр,Наушники
Without credit,Музыкальный.центр,Наушники
Without credit,Музыкальный.центр,Наушники
Without credit,Музыкальный.центр,Наушники
Without credit,Музыкальный.центр,Наушники
Without credit,Музыкальный.центр,Наушники
Without credit,Музыкальный.центр,Наушники
Without credit,Музыкальный.центр,Наушники
Without credit,Музыкальный.центр,Наушники
Without credit,Музыкальный.центр,Наушники
Without credit,Музыкальный.центр,Наушники
Without credit,Музыкальный.центр,Наушники
With credit,Музыкальный.центр,Наушники,Домашний.кинотеатр,Ноутбук,DVD.плеер,ЖК.телевизор,Холодильник
Without credit,Музыкальный.центр,Провод.HDMI,ЖК.телевизор,ПК
With credit,Музыкальный.центр,Наушники,Провод.HDMI,Домашний.кинотеатр,ПК,Принтер
Without credit,Музыкальный.центр,Провод.HDMI,Ноутбук,DVD.плеер,ЖК.телевизор,ПК,Принтер
Without credit,Музыкальный.центр,Наушники,Ноутбук,DVD.плеер,ЖК.телевизор,ПК,Принтер
Without credit,Музыкальный.центр,Провод.HDMI,Домашний.кинотеатр,Принтер
With credit,Музыкальный.центр,Ноутбук,ЖК.телевизор,Холодильник,Принтер
With credit,Музыкальный.центр,Ноутбук,DVD.плеер,ЖК.телевизор,ПК,Холодильник,Принтер
With credit,Музыкальный.центр,Наушники,Ноутбук,DVD.плеер,ЖК.телевизор,ПК,Холодильник,Принтер
Without credit,Музыкальный.центр,Провод.HDMI,ЖК.телевизор,Принтер
With credit,Музыкальный.центр,Наушники,Ноутбук,ПК,Холодильник,Принтер
With credit,Музыкальный.центр,Наушники,Провод.HDMI,Домашний.кинотеатр,ЖК.телевизор,Холодильник
With credit,Музыкальный.центр,Наушники,Домашний.кинотеатр
With credit,Музыкальный.центр,Наушники,Домашний.кинотеатр
With credit,Музыкальный.центр,Наушники,Домашний.кинотеатр
With credit,Музыкальный.центр,Наушники,Домашний.кинотеатр
With credit,Музыкальный.центр,Наушники,Домашний.кинотеатр
With credit,Музыкальный.центр,Наушники,Домашний.кинотеатр
With credit,Музыкальный.центр,Наушники,Домашний.кинотеатр
With credit,Музыкальный.центр,Наушники,Домашний.кинотеатр
With credit,Музыкальный.центр,Наушники,Домашний.кинотеатр
With credit,Музыкальный.центр,Наушники,Домашний.кинотеатр
With credit,Музыкальный.центр,Наушники,Домашний.кинотеатр
With credit,Музыкальный.центр,Наушники,Домашний.кинотеатр
With credit,Музыкальный.центр,DVD.плеер,ЖК.телевизор,Холодильник
With credit,Музыкальный.центр,DVD.плеер,ЖК.телевизор,Холодильник
With credit,Музыкальный.центр,DVD.плеер,ЖК.телевизор,Холодильник
With credit,Музыкальный.центр,DVD.плеер,ЖК.телевизор,Холодильник
With credit,Музыкальный.центр,DVD.плеер,ЖК.телевизор,Холодильник
With credit,Музыкальный.центр,DVD.плеер,ЖК.телевизор,Холодильник
With credit,Музыкальный.центр,DVD.плеер,ЖК.телевизор,Холодильник
Without credit,Музыкальный.центр,Наушники
Without credit,Музыкальный.центр,Наушники
Without credit,Музыкальный.центр,Наушники
Without credit,Музыкальный.центр,Наушники
Without credit,Музыкальный.центр,Наушники
Without credit,Музыкальный.центр,Наушники
Without credit,Музыкальный.центр,Наушники
Without credit,Музыкальный.центр,Наушники
Without credit,Музыкальный.центр,Наушники
Without credit,Музыкальный.центр,Наушники
Without credit,Музыкальный.центр,Наушники
Without credit,Музыкальный.центр,Наушники
Without credit,Музыкальный.центр,Наушники
Without credit,Музыкальный.центр,Наушники
Without credit,Музыкальный.центр,Наушники
Without credit,Музыкальный.центр,Наушники
With credit,Музыкальный.центр,Наушники,Домашний.кинотеатр,Ноутбук,DVD.плеер,ЖК.телевизор,Холодильник
Without credit,Музыкальный.центр,Провод.HDMI,ЖК.телевизор,ПК
With credit,Музыкальный.центр,Наушники,Провод.HDMI,Домашний.кинотеатр,ПК,Принтер
Without credit,Музыкальный.центр,Провод.HDMI,Ноутбук,DVD.плеер,ЖК.телевизор,ПК,Принтер
Without credit,Музыкальный.центр,Наушники,Ноутбук,DVD.плеер,ЖК.телевизор,ПК,Принтер
Without credit,Музыкальный.центр,Провод.HDMI,Домашний.кинотеатр,Принтер
With credit,Музыкальный.центр,Ноутбук,ЖК.телевизор,Холодильник,Принтер
With credit,Музыкальный.центр,Ноутбук,DVD.плеер,ЖК.телевизор,ПК,Холодильник,Принтер
With credit,Музыкальный.центр,Наушники,Ноутбук,DVD.плеер,ЖК.телевизор,ПК,Холодильник,Принтер
Without credit,Музыкальный.центр,Провод.HDMI,ЖК.телевизор,Принтер
With credit,Музыкальный.центр,Наушники,Ноутбук,ПК,Холодильник,Принтер
With credit,Музыкальный.центр,Наушники,Провод.HDMI,Домашний.кинотеатр,ЖК.телевизор,Холодильник
With credit,Музыкальный.центр,Наушники,Домашний.кинотеатр
With credit,Музыкальный.центр,Наушники,Домашний.кинотеатр
With credit,Музыкальный.центр,Наушники,Домашний.кинотеатр
With credit,Музыкальный.центр,Наушники,Домашний.кинотеатр
With credit,Музыкальный.центр,Наушники,Домашний.кинотеатр
With credit,Музыкальный.центр,Наушники,Домашний.кинотеатр
With credit,Музыкальный.центр,Наушники,Домашний.кинотеатр
With credit,Музыкальный.центр,Наушники,Домашний.кинотеатр
With credit,Музыкальный.центр,Наушники,Домашний.кинотеатр
With credit,Музыкальный.центр,Наушники,Домашний.кинотеатр
With credit,Музыкальный.центр,Наушники,Домашний.кинотеатр
With credit,Музыкальный.центр,Наушники,Домашний.кинотеатр
With credit,Музыкальный.центр,DVD.плеер,ЖК.телевизор,Холодильник
With credit,Музыкальный.центр,DVD.плеер,ЖК.телевизор,Холодильник
With credit,Музыкальный.центр,DVD.плеер,ЖК.телевизор,Холодильник
With credit,Музыкальный.центр,DVD.плеер,ЖК.телевизор,Холодильник
With credit,Музыкальный.центр,DVD.плеер,ЖК.телевизор,Холодильник
With credit,Музыкальный.центр,DVD.плеер,ЖК.телевизор,Холодильник
With credit,Музыкальный.центр,DVD.плеер,ЖК.телевизор,Холодильник
Without credit,Музыкальный.центр,Наушники
Without credit,Музыкальный.центр,Наушники
Without credit,Музыкальный.центр,Наушники
Without credit,Музыкальный.центр,Наушники
Without credit,Музыкальный.центр,Наушники
Without credit,Музыкальный.центр,Наушники
Without credit,Музыкальный.центр,Наушники
Without credit,Музыкальный.центр,Наушники
Without credit,Музыкальный.центр,Наушники
Without credit,Музыкальный.центр,Наушники
Without credit,Музыкальный.центр,Наушники
Without credit,Музыкальный.центр,Наушники
Without credit,Музыкальный.центр,Наушники
Without credit,Музыкальный.центр,Наушники
Without credit,Музыкальный.центр,Наушники
Without credit,Музыкальный.центр,Наушники
With credit,Музыкальный.центр,Наушники,Домашний.кинотеатр,Ноутбук,DVD.плеер,ЖК.телевизор,Холодильник
Without credit,Музыкальный.центр,Провод.HDMI,ЖК.телевизор,ПК
With credit,Музыкальный.центр,Наушники,Провод.HDMI,Домашний.кинотеатр,ПК,Принтер
Without credit,Музыкальный.центр,Провод.HDMI,Ноутбук,DVD.плеер,ЖК.телевизор,ПК,Принтер
Without credit,Музыкальный.центр,Наушники,Ноутбук,DVD.плеер,ЖК.телевизор,ПК,Принтер
Without credit,Музыкальный.центр,Провод.HDMI,Домашний.кинотеатр,Принтер
With credit,Музыкальный.центр,Ноутбук,ЖК.телевизор,Холодильник,Принтер
With credit,Музыкальный.центр,Ноутбук,DVD.плеер,ЖК.телевизор,ПК,Холодильник,Принтер
With credit,Музыкальный.центр,Наушники,Ноутбук,DVD.плеер,ЖК.телевизор,ПК,Холодильник,Принтер
Without credit,Музыкальный.центр,Провод.HDMI,ЖК.телевизор,Принтер
With credit,Музыкальный.центр,Наушники,Ноутбук,ПК,Холодильник,Принтер
With credit,Музыкальный.центр,Наушники,Провод.HDMI,Домашний.кинотеатр,ЖК.телевизор,Холодильник
With credit,Музыкальный.центр,Наушники,Домашний.кинотеатр
With credit,Музыкальный.центр,Наушники,Домашний.кинотеатр
With credit,Музыкальный.центр,Наушники,Домашний.кинотеатр
With credit,Музыкальный.центр,Наушники,Домашний.кинотеатр
With credit,Музыкальный.центр,Наушники,Домашний.кинотеатр
With credit,Музыкальный.центр,Наушники,Домашний.кинотеатр
With credit,Музыкальный.центр,Наушники,Домашний.кинотеатр
With credit,Музыкальный.центр,Наушники,Домашний.кинотеатр
With credit,Музыкальный.центр,Наушники,Домашний.кинотеатр
With credit,Музыкальный.центр,Наушники,Домашний.кинотеатр
With credit,Музыкальный.центр,Наушники,Домашний.кинотеатр
With credit,Музыкальный.центр,Наушники,Домашний.кинотеатр
With credit,Музыкальный.центр,DVD.плеер,ЖК.телевизор,Холодильник
With credit,Музыкальный.центр,DVD.плеер,ЖК.телевизор,Холодильник
With credit,Музыкальный.центр,DVD.плеер,ЖК.телевизор,Холодильник
With credit,Музыкальный.центр,DVD.плеер,ЖК.телевизор,Холодильник
With credit,Музыкальный.центр,DVD.плеер,ЖК.телевизор,Холодильник
With credit,Музыкальный.центр,DVD.плеер,ЖК.телевизор,Холодильник
With credit,Музыкальный.центр,DVD.плеер,ЖК.телевизор,Холодильник
Without credit,Музыкальный.центр,Наушники
Without credit,Музыкальный.центр,Наушники
Without credit,Музыкальный.центр,Наушники
Without credit,Музыкальный.центр,Наушники
Without credit,Музыкальный.центр,Наушники
Without credit,Музыкальный.центр,Наушники
Without credit,Музыкальный.центр,Наушники
Without credit,Музыкальный.центр,Наушники
Without credit,Музыкальный.центр,Наушники
Without credit,Музыкальный.центр,Наушники
Without credit,Музыкальный.центр,Наушники
Without credit,Музыкальный.центр,Наушники
Without credit,Музыкальный.центр,Наушники
Without credit,Музыкальный.центр,Наушники
Without credit,Музыкальный.центр,Наушники
Without credit,Музыкальный.центр,Наушники
With credit,Музыкальный.центр,Наушники,Домашний.кинотеатр,Ноутбук,DVD.плеер,ЖК.телевизор,Холодильник
Without credit,Музыкальный.центр,Провод.HDMI,ЖК.телевизор,ПК
With credit,Музыкальный.центр,Наушники,Провод.HDMI,Домашний.кинотеатр,ПК,Принтер
Without credit,Музыкальный.центр,Провод.HDMI,Ноутбук,DVD.плеер,ЖК.телевизор,ПК,Принтер
Without credit,Музыкальный.центр,Наушники,Ноутбук,DVD.плеер,ЖК.телевизор,ПК,Принтер
Without credit,Музыкальный.центр,Провод.HDMI,Домашний.кинотеатр,Принтер
With credit,Музыкальный.центр,Ноутбук,ЖК.телевизор,Холодильник,Принтер
With credit,Музыкальный.центр,Ноутбук,DVD.плеер,ЖК.телевизор,ПК,Холодильник,Принтер
With credit,Музыкальный.центр,Наушники,Ноутбук,DVD.плеер,ЖК.телевизор,ПК,Холодильник,Принтер
Without credit,Музыкальный.центр,Провод.HDMI,ЖК.телевизор,Принтер
With credit,Музыкальный.центр,Наушники,Ноутбук,ПК,Холодильник,Принтер
With credit,Музыкальный.центр,Наушники,Провод.HDMI,Домашний.кинотеатр,ЖК.телевизор,Холодильник
With credit,Музыкальный.центр,Наушники,Домашний.кинотеатр
With credit,Музыкальный.центр,Наушники,Домашний.кинотеатр
With credit,Музыкальный.центр,Наушники,Домашний.кинотеатр
With credit,Музыкальный.центр,Наушники,Домашний.кинотеатр
With credit,Музыкальный.центр,Наушники,Домашний.кинотеатр
With credit,Музыкальный.центр,Наушники,Домашний.кинотеатр
With credit,Музыкальный.центр,Наушники,Домашний.кинотеатр
With credit,Музыкальный.центр,Наушники,Домашний.кинотеатр
With credit,Музыкальный.центр,Наушники,Домашний.кинотеатр
With credit,Музыкальный.центр,Наушники,Домашний.кинотеатр
With credit,Музыкальный.центр,Наушники,Домашний.кинотеатр
With credit,Музыкальный.центр,Наушники,Домашний.кинотеатр
With credit,Музыкальный.центр,DVD.плеер,ЖК.телевизор,Холодильник
With credit,Музыкальный.центр,DVD.плеер,ЖК.телевизор,Холодильник
With credit,Музыкальный.центр,DVD.плеер,ЖК.телевизор,Холодильник
With credit,Музыкальный.центр,DVD.плеер,ЖК.телевизор,Холодильник
With credit,Музыкальный.центр,DVD.плеер,ЖК.телевизор,Холодильник
With credit,Музыкальный.центр,DVD.плеер,ЖК.телевизор,Холодильник
With credit,Музыкальный.центр,DVD.плеер,ЖК.телевизор,Холодильник
Without credit,Музыкальный.центр,Наушники
Without credit,Музыкальный.центр,Наушники
Without credit,Музыкальный.центр,Наушники
Without credit,Музыкальный.центр,Наушники
Without credit,Музыкальный.центр,Наушники
Without credit,Музыкальный.центр,Наушники
Without credit,Музыкальный.центр,Наушники
Without credit,Музыкальный.центр,Наушники
Without credit,Музыкальный.центр,Наушники
Without credit,Музыкальный.центр,Наушники
Without credit,Музыкальный.центр,Наушники
Without credit,Музыкальный.центр,Наушники
Without credit,Музыкальный.центр,Наушники
Without credit,Музыкальный.центр,Наушники
Without credit,Музыкальный.центр,Наушники
Without credit,Музыкальный.центр,Наушники
With credit,Музыкальный.центр,Наушники,Домашний.кинотеатр,Ноутбук,DVD.плеер,ЖК.телевизор,Холодильник
Without credit,Музыкальный.центр,Провод.HDMI,ЖК.телевизор,ПК
With credit,Музыкальный.центр,Наушники,Провод.HDMI,Домашний.кинотеатр,ПК,Принтер
Without credit,Музыкальный.центр,Провод.HDMI,Ноутбук,DVD.плеер,ЖК.телевизор,ПК,Принтер
Without credit,Музыкальный.центр,Наушники,Ноутбук,DVD.плеер,ЖК.телевизор,ПК,Принтер
Without credit,Музыкальный.центр,Провод.HDMI,Домашний.кинотеатр,Принтер
With credit,Музыкальный.центр,Ноутбук,ЖК.телевизор,Холодильник,Принтер
With credit,Музыкальный.центр,Ноутбук,DVD.плеер,ЖК.телевизор,ПК,Холодильник,Принтер
With credit,Музыкальный.центр,Наушники,Ноутбук,DVD.плеер,ЖК.телевизор,ПК,Холодильник,Принтер
Without credit,Музыкальный.центр,Провод.HDMI,ЖК.телевизор,Принтер
With credit,Музыкальный.центр,Наушники,Ноутбук,ПК,Холодильник,Принтер
With credit,Музыкальный.центр,Наушники,Провод.HDMI,Домашний.кинотеатр,ЖК.телевизор,Холодильник
With credit,Музыкальный.центр,Наушники,Домашний.кинотеатр
With credit,Музыкальный.центр,Наушники,Домашний.кинотеатр
With credit,Музыкальный.центр,Наушники,Домашний.кинотеатр
With credit,Музыкальный.центр,Наушники,Домашний.кинотеатр
With credit,Музыкальный.центр,Наушники,Домашний.кинотеатр
With credit,Музыкальный.центр,Наушники,Домашний.кинотеатр
With credit,Музыкальный.центр,Наушники,Домашний.кинотеатр
With credit,Музыкальный.центр,Наушники,Домашний.кинотеатр
With credit,Музыкальный.центр,Наушники,Домашний.кинотеатр
With credit,Музыкальный.центр,Наушники,Домашний.кинотеатр
With credit,Музыкальный.центр,Наушники,Домашний.кинотеатр
With credit,Музыкальный.центр,Наушники,Домашний.кинотеатр
With credit,Музыкальный.центр,DVD.плеер,ЖК.телевизор,Холодильник
With credit,Музыкальный.центр,DVD.плеер,ЖК.телевизор,Холодильник
With credit,Музыкальный.центр,DVD.плеер,ЖК.телевизор,Холодильник
With credit,Музыкальный.центр,DVD.плеер,ЖК.телевизор,Холодильник
With credit,Музыкальный.центр,DVD.плеер,ЖК.телевизор,Холодильник
With credit,Музыкальный.центр,DVD.плеер,ЖК.телевизор,Холодильник
With credit,Музыкальный.центр,DVD.плеер,ЖК.телевизор,Холодильник
Without credit,Музыкальный.центр,Наушники
Without credit,Музыкальный.центр,Наушники
Without credit,Музыкальный.центр,Наушники
Without credit,Музыкальный.центр,Наушники
Without credit,Музыкальный.центр,Наушники
Without credit,Музыкальный.центр,Наушники
Without credit,Музыкальный.центр,Наушники
Without credit,Музыкальный.центр,Наушники
Without credit,Музыкальный.центр,Наушники
Without credit,Музыкальный.центр,Наушники
Without credit,Музыкальный.центр,Наушники
Without credit,Музыкальный.центр,Наушники
Without credit,Музыкальный.центр,Наушники
Without credit,Музыкальный.центр,Наушники
Without credit,Музыкальный.центр,Наушники
Without credit,Музыкальный.центр,Наушники
With credit,Музыкальный.центр,Наушники,Домашний.кинотеатр,Ноутбук,DVD.плеер,ЖК.телевизор,Холодильник
Without credit,Музыкальный.центр,Провод.HDMI,ЖК.телевизор,ПК
With credit,Музыкальный.центр,Наушники,Провод.HDMI,Домашний.кинотеатр,ПК,Принтер
Without credit,Музыкальный.центр,Провод.HDMI,Ноутбук,DVD.плеер,ЖК.телевизор,ПК,Принтер
Without credit,Музыкальный.центр,Наушники,Ноутбук,DVD.плеер,ЖК.телевизор,ПК,Принтер
Without credit,Музыкальный.центр,Провод.HDMI,Домашний.кинотеатр,Принтер
With credit,Музыкальный.центр,Ноутбук,ЖК.телевизор,Холодильник,Принтер
With credit,Музыкальный.центр,Ноутбук,DVD.плеер,ЖК.телевизор,ПК,Холодильник,Принтер
With credit,Музыкальный.центр,Наушники,Ноутбук,DVD.плеер,ЖК.телевизор,ПК,Холодильник,Принтер
Without credit,Музыкальный.центр,Провод.HDMI,ЖК.телевизор,Принтер
With credit,Музыкальный.центр,Наушники,Ноутбук,ПК,Холодильник,Принтер
With credit,Музыкальный.центр,Наушники,Провод.HDMI,Домашний.кинотеатр,ЖК.телевизор,Холодильник
With credit,Музыкальный.центр,Наушники,Домашний.кинотеатр
With credit,Музыкальный.центр,Наушники,Домашний.кинотеатр
With credit,Музыкальный.центр,Наушники,Домашний.кинотеатр
With credit,Музыкальный.центр,Наушники,Домашний.кинотеатр
With credit,Музыкальный.центр,Наушники,Домашний.кинотеатр
With credit,Музыкальный.центр,Наушники,Домашний.кинотеатр
With credit,Музыкальный.центр,Наушники,Домашний.кинотеатр
With credit,Музыкальный.центр,Наушники,Домашний.кинотеатр
With credit,Музыкальный.центр,Наушники,Домашний.кинотеатр
With credit,Музыкальный.центр,Наушники,Домашний.кинотеатр
With credit,Музыкальный.центр,Наушники,Домашний.кинотеатр
With credit,Музыкальный.центр,Наушники,Домашний.кинотеатр
With credit,Музыкальный.центр,DVD.плеер,ЖК.телевизор,Холодильник
With credit,Музыкальный.центр,DVD.плеер,ЖК.телевизор,Холодильник
With credit,Музыкальный.центр,DVD.плеер,ЖК.телевизор,Холодильник
With credit,Музыкальный.центр,DVD.плеер,ЖК.телевизор,Холодильник
With credit,Музыкальный.центр,DVD.плеер,ЖК.телевизор,Холодильник
With credit,Музыкальный.центр,DVD.плеер,ЖК.телевизор,Холодильник
With credit,Музыкальный.центр,DVD.плеер,ЖК.телевизор,Холодильник
Without credit,Музыкальный.центр,Наушники
Without credit,Музыкальный.центр,Наушники
Without credit,Музыкальный.центр,Наушники
Without credit,Музыкальный.центр,Наушники
Without credit,Музыкальный.центр,Наушники
Without credit,Музыкальный.центр,Наушники
Without credit,Музыкальный.центр,Наушники
Without credit,Музыкальный.центр,Наушники
Without credit,Музыкальный.центр,Наушники
Without credit,Музыкальный.центр,Наушники
Without credit,Музыкальный.центр,Наушники
Without credit,Музыкальный.центр,Наушники
Without credit,Музыкальный.центр,Наушники
Without credit,Музыкальный.центр,Наушники
Without credit,Музыкальный.центр,Наушники
Without credit,Музыкальный.центр,Наушники
With credit,Музыкальный.центр,Наушники,Домашний.кинотеатр,Ноутбук,DVD.плеер,ЖК.телевизор,Холодильник
Without credit,Музыкальный.центр,Провод.HDMI,ЖК.телевизор,ПК
With credit,Музыкальный.центр,Наушники,Провод.HDMI,Домашний.кинотеатр,ПК,Принтер
Without credit,Музыкальный.центр,Провод.HDMI,Ноутбук,DVD.плеер,ЖК.телевизор,ПК,Принтер
Without credit,Музыкальный.центр,Наушники,Ноутбук,DVD.плеер,ЖК.телевизор,ПК,Принтер
Without credit,Музыкальный.центр,Провод.HDMI,Домашний.кинотеатр,Принтер
With credit,Музыкальный.центр,Ноутбук,ЖК.телевизор,Холодильник,Принтер
With credit,Музыкальный.центр,Ноутбук,DVD.плеер,ЖК.телевизор,ПК,Холодильник,Принтер
With credit,Музыкальный.центр,Наушники,Ноутбук,DVD.плеер,ЖК.телевизор,ПК,Холодильник,Принтер
Without credit,Музыкальный.центр,Провод.HDMI,ЖК.телевизор,Принтер
With credit,Музыкальный.центр,Наушники,Ноутбук,ПК,Холодильник,Принтер
With credit,Музыкальный.центр,Наушники,Провод.HDMI,Домашний.кинотеатр,ЖК.телевизор,Холодильник
With credit,Музыкальный.центр,Наушники,Домашний.кинотеатр
With credit,Музыкальный.центр,Наушники,Домашний.кинотеатр
With credit,Музыкальный.центр,Наушники,Домашний.кинотеатр
With credit,Музыкальный.центр,Наушники,Домашний.кинотеатр
With credit,Музыкальный.центр,Наушники,Домашний.кинотеатр
With credit,Музыкальный.центр,Наушники,Домашний.кинотеатр
With credit,Музыкальный.центр,Наушники,Домашний.кинотеатр
With credit,Музыкальный.центр,Наушники,Домашний.кинотеатр
With credit,Музыкальный.центр,Наушники,Домашний.кинотеатр
With credit,Музыкальный.центр,Наушники,Домашний.кинотеатр
With credit,Музыкальный.центр,Наушники,Домашний.кинотеатр
With credit,Музыкальный.центр,Наушники,Домашний.кинотеатр
With credit,Музыкальный.центр,DVD.плеер,ЖК.телевизор,Холодильник
With credit,Музыкальный.центр,DVD.плеер,ЖК.телевизор,Холодильник
With credit,Музыкальный.центр,DVD.плеер,ЖК.телевизор,Холодильник
With credit,Музыкальный.центр,DVD.плеер,ЖК.телевизор,Холодильник
With credit,Музыкальный.центр,DVD.плеер,ЖК.телевизор,Холодильник
With credit,Музыкальный.центр,DVD.плеер,ЖК.телевизор,Холодильник
With credit,Музыкальный.центр,DVD.плеер,ЖК.телевизор,Холодильник
Without credit,Музыкальный.центр,Наушники
Without credit,Музыкальный.центр,Наушники
Without credit,Музыкальный.центр,Наушники
Without credit,Музыкальный.центр,Наушники
Without credit,Музыкальный.центр,Наушники
Without credit,Музыкальный.центр,Наушники
Without credit,Музыкальный.центр,Наушники
Without credit,Музыкальный.центр,Наушники
Without credit,Музыкальный.центр,Наушники
Without credit,Музыкальный.центр,Наушники
Without credit,Музыкальный.центр,Наушники
Without credit,Музыкальный.центр,Наушники
Without credit,Музыкальный.центр,Наушники
Without credit,Музыкальный.центр,Наушники
Without credit,Музыкальный.центр,Наушники
Without credit,Музыкальный.центр,Наушники
